,repository_name,language
0,.github,
1,aioshumway,Python
2,android-auth,HTML
3,android-sdk,HTML
4,android-store-service,Python
5,annoy,C++
6,annoy-java,Java
7,apollo,Java
8,apollo-elide,Java
9,apollo-metrics,
10,apps-tutorial,
11,async-datastore-client,Java
12,async-google-pubsub-client,Java
13,backup-utils,Shell
14,basic-pitch,Python
15,basic-pitch-ts,TypeScript
16,batty,Python
17,bazel-tools,Java
18,beam,Java
19,big-data-rosetta-code,Scala
20,bigtable-autoscaler,Java
21,boilerplate-app,
22,bucket-runner,JavaScript
23,cartography,Python
24,cassandra-extra,Java
25,cassandra-medusa,Python
26,cassandra-opstools,Java
27,cassandra-reaper,
28,certcheck,Python
29,chartify,Python
30,code-of-conduct,
31,collectd,C
32,comet,Python
33,comet-common,Python
34,comet-core,Python
35,completable-futures,Java
36,condor,Java
37,confidence,Python
38,confidence-openfeature-provider-python,Python
39,confidence-sdk-android,Kotlin
40,confidence-sdk-go,Go
41,confidence-sdk-java,Java
42,confidence-sdk-js,TypeScript
43,confidence-sdk-swift,Swift
44,container-agent,Python
45,cookiecutter-golang,Go
46,coordinator,HTML
47,crtauth,Python
48,crtauth-java,Java
49,crtauth-java-agent-signer-apache,Java
50,crunch-lib,Java
51,cstar,Python
52,daemon-java,Java
53,dataenum,Java
54,DataflowJavaSDK,Java
55,dataproc-java-submitter,Java
56,dataprocxy,Python
57,dbeam,Java
58,debify,Shell
59,dh-virtualenv,Python
60,diffuser,Swift
61,dns-java,Java
62,docgenerator,Java
63,docker-alpine,
64,docker-bigtable,Go
65,docker-cassandra,Shell
66,docker-client,Java
67,docker-gc,Shell
68,docker-kafka,Shell
69,docker-maven-plugin,Java
70,docker-stress,Python
71,dockerfile-maven,Java
72,dockerfile-mode,Emacs Lisp
73,docker_interface,Python
74,drserv,Python
75,druid,
76,duck,Ruby
77,echoprint-codegen,C++
78,echoprint-server,Java
79,elasticsearch-index-window,Java
80,elitzur,Scala
81,eslint-config-oss,JavaScript
82,etcd,Go
83,featran,Scala
84,ffwd,Java
85,ffwd-client-java,Java
86,ffwd-http-client,Java
87,ffwd-ruby,Ruby
88,flink,Java
89,flink-docker,
90,flink-on-k8s-operator,Go
91,flo,Java
92,flume-syslog-source2,Java
93,flyte-flink-plugin,Go
94,fmt-maven-plugin,Java
95,folsom,Java
96,foss-root,
97,futures-extra,Java
98,futuristic-feline,Java
99,gcp-audit,Python
100,gcp-aws-iam-federation-webidentity,HCL
101,gcp-firewall-enforcer,Python
102,gcs-tools,Scala
103,ghelog,Python
104,gimme,Python
105,git-test,Shell
106,github-java-client,Java
107,google-http-java-client,Java
108,gordon,Python
109,gordon-gcp,Python
110,gordon-introspection,Python
111,gordon-janitor,Python
112,gordon-janitor-gcp,Python
113,griffin,Python
114,hadoop-openpgp-codec,Java
115,hdfs2cass,Java
116,helios,Java
117,helios-go,Go
118,helios-skydns,Java
119,heroic,Java
120,heroic-client-go,Go
121,heroic-client-java,Java
122,homebrew-public,Ruby
123,hornet,Scala
124,HubFramework,Objective-C
125,hush-tab,JavaScript
126,hype,Java
127,hyperflo,Scala
128,ieee-spm-vocals-tutorial,Jupyter Notebook
129,ios-auth,Objective-C
130,ios-ci,Shell
131,ios-sdk,Objective-C
132,ios-style,
133,java-hamcrest,Java
134,java-lkk,Java
135,jenkins-coverage-poster,Groovy
136,jira-lkk-bridge,Java
137,JniHelpers,C++
138,jsconfeu-2013,JavaScript
139,kafka,Scala
140,kairosdb,Java
141,kernel-common,
142,klio,Python
143,lemur,Python
144,lighthouse-audit-service,TypeScript
145,limbo,Scala
146,lingon,JavaScript
147,linux,C
148,logging-java,Java
149,luigi,Python
150,lyceum,Clojure
151,mace,
152,magnolify,Scala
153,metrics-munin-reporter,Java
154,missinglink,Java
155,mlockexec,Python
156,mobius,Java
157,mobius-android-sample,Java
158,Mobius.swift,Swift
159,moob,Ruby
160,netty-batch-flusher,Java
161,netty-zmtp,Java
162,noether,Scala
163,okta-sdk-python,Python
164,openfeature-kotlin-sdk,Kotlin
165,openfeature-swift-sdk,Swift
166,pedalboard,C++
167,PeqBank,C
168,perf-map-agent,C
169,phpconf-argentina-2014,JavaScript
170,platform-external-bluetooth-bluez,
171,polly-jest-presets,TypeScript
172,postgresql-metrics,Python
173,proto-registry,TypeScript
174,proto-requests,TypeScript
175,protoman,Java
176,puppet-talos,Puppet
177,pyeos,Python
178,pyfg,Python
179,pyschema,Python
180,python-graphwalker,Python
181,pythonflow,Python
182,pywk,Python
183,quickstart,JavaScript
184,ratatool,Scala
185,react-native-lookback,Objective-C
186,reactochart,JavaScript
187,realbook,Python
188,redux-location-state,JavaScript
189,requests-crtauth,Python
190,robolectric,Java
191,rspec-dns,Ruby
192,rspec-dnsruby,Ruby
193,ruler,Kotlin
194,s3mper,Java
195,scanctl,Python
196,scio,Scala
197,scio-contrib,Scala
198,scio-idea-plugin,Scala
199,scio.g8,Scala
200,sekexe,Shell
201,semantic-metrics,Java
202,should-up,JavaScript
203,shumway,Python
204,simple-bigtable,Java
205,skydns,
206,skygc,Python
207,snakebite,Python
208,soa-reference-integration,TypeScript
209,soundcheck-demo-environment,TypeScript
210,spark-bigquery,Scala
211,sparkey,C
212,sparkey-java,Java
213,sparkey-python,Python
214,spawn,Java
215,spotify-checkstyle-config,
216,spotify-heroic-datasource,TypeScript
217,spotify-js-challenge,JavaScript
218,spotify-json,C++
219,spotify-tensorflow,Python
220,spotify-web-api-ts-sdk,TypeScript
221,spotify-web-playback-sdk-example,JavaScript
222,spotify.github.io,HTML
223,SpotifyLogin,Swift
224,sprunch,Scala
225,SPStackedNav,Objective-C
226,SPTDataLoader,Objective-C
227,SPTPersistentCache,Objective-C
228,spydra,Java
229,spymaster,Python
230,squashing-census-exporter,Kotlin
231,ssh-agent-proxy,Java
232,ssh-agent-tls,Java
233,styx,Java
234,super-smash-brogp,Python
235,swupdate,
236,syslog-redirector,Go
237,syslog-redirector-golang,Go
238,talos,Ruby
239,terraform-gke-kubeflow-cluster,HCL
